"date","hs","swe_deltasnow","swe_hs2swe","swe_pi16","swe_st10","swe_jo09"
2024-10-21,0,0,0,0,0,0
2024-10-22,0.648506944444444,52.3585440840278,73.7352395833333,124.513333333333,94.8796788468889,NA
2024-10-23,0.682368055555556,75.2943181954268,91.9485154057159,131.697034722222,102.245200815194,NA
2024-10-24,0.677604166666667,84.9449565252322,99.774184570876,131.455208333333,102.50907976282,NA
2024-10-25,0.684888888888889,92.2025943871062,106.329486276938,133.553333333333,105.03626334602,NA
2024-10-26,0.683201388888889,97.070533127432,110.96789644432,133.907472222222,105.867111698574,NA
2024-10-27,0.675868055555556,100.402198899399,114.160467031729,133.146006944444,105.602856723539,NA
2024-10-28,0.673319444444445,103.46889268026,117.227947831474,133.31725,106.24096034263,NA
2024-10-29,0.670840277777778,106.081937032574,119.969831003497,133.497215277778,106.881131156317,NA
2024-10-30,0.665361111111111,106.081937032574,119.969831003497,133.072222222222,106.922909404334,NA
2024-10-31,0.668076388888889,108.752577724924,122.793493007428,134.283354166667,108.560757488826,NA
2024-11-01,0.669166666666667,111.077975493659,125.447658857951,135.171666666667,109.879901961369,158.158108232278
2024-11-02,0.666020833333333,111.077975493659,125.447658857951,135.202229166667,110.349334127933,157.316096103534
2024-11-03,0.661076388888889,111.077975493659,125.447658857951,134.859583333333,110.444034953423,155.994588671937
2024-11-04,0.660368055555556,111.077975493659,125.447658857951,135.375451388889,111.379704078486,155.805466982388
2024-11-05,0.662701388888889,111.077975493659,128.05622155984,136.516486111111,112.93038766087,156.428654701412
2024-11-06,0.663465277777778,111.077975493659,128.05622155984,137.3373125,114.16116079484,156.632791572292
2024-11-07,0.667166666666667,113.399355236715,131.003502570614,138.770666666667,116.000137680474,157.622692892678
2024-11-08,0.663243055555556,113.399355236715,131.003502570614,138.617798611111,116.251780112329,156.573407445788
2024-11-09,0.662395833333333,113.399355236715,131.003502570614,139.103125,117.135713871094,156.347004625309
2024-11-10,0.664131944444444,113.399355236715,133.371565998372,140.131840277778,118.560312820431,156.810971798088
2024-11-11,0.664256944444444,113.399355236715,133.371565998372,140.822472222222,119.642361066014,156.844388582288
2024-11-12,0.681173611111111,116.856672919896,137.525320288417,145.089979166667,124.342015612436,161.380351886837
2024-11-13,0.729326388888889,123.440381309537,145.290007748844,156.075847222222,136.016819461027,174.439078253637
2024-11-14,0.7189375,123.440381309537,145.290007748844,154.5715625,134.832839458574,171.603236808594
2024-11-15,0.706826388888889,123.440381309537,145.290007748844,152.6745,133.240656116581,168.310096667637
2024-11-16,0.698013888888889,123.440381309537,145.290007748844,151.469013888889,132.361318295169,165.922548125881
2024-11-17,0.670222222222222,123.440381309537,145.290007748844,146.108444444444,127.218392058702,158.440825256523
2024-11-18,0.687541666666667,126.807229927091,148.640529304121,150.571625,132.148751537723,163.094833024228
2024-11-19,0.811041666666667,140.467963478243,164.503989620119,178.429166666667,161.950008850856,197.098510369528
2024-11-20,0.847604166666667,148.27003670304,173.332940459679,187.320520833333,172.000356875758,207.440445933309
2024-11-21,0.975125,165.21809804836,191.993118386709,216.47775,205.157679433627,244.493944484375
2024-11-22,0.963694444444444,171.124446317343,197.293331200095,214.903861111111,203.657593586161,241.110206699794
2024-11-23,0.937805555555556,173.813850067581,197.293331200095,210.068444444444,198.43749869843,233.491896579394
2024-11-24,0.914076388888889,173.813850067581,197.293331200095,205.6671875,193.752290474706,226.564430616737
2024-11-25,0.9151875,177.354524506212,199.957094031562,206.832375,195.372905883868,226.887622277344
2024-11-26,0.895166666666667,177.354524506212,199.957094031562,203.202833333333,191.578960832766,221.081857607078
2024-11-27,0.91175,181.636257717982,203.936929831535,207.879,197.146621578965,225.8881139375
2024-11-28,0.913736111111111,184.416732084741,206.892068114447,209.245569444444,198.980118741577,226.465468930831
2024-11-29,0.884909722222222,184.416732084741,206.892068114447,203.529236111111,192.817239342787,218.122060856242
2024-11-30,0.880027777777778,184.416732084741,206.892068114447,203.286416666667,192.825499739611,216.716795872324
2024-12-01,0.886736111111111,187.029458504528,209.297314976006,205.722777777778,195.836943498033,219.919665964247
2024-12-02,0.900902777777778,190.31038178524,212.887855689114,209.910347222222,200.826829856018,224.096819782488
2024-12-03,0.917083333333333,193.849876511333,216.99392241524,214.5975,206.400501915108,228.893290785222
2024-12-04,0.904041666666667,193.849876511333,216.99392241524,212.449791666667,204.21700309037,225.025171787622
2024-12-05,0.990298611111111,204.262995767425,228.655064166901,233.710472222222,228.872729770914,250.937235832422
2024-12-06,1.01668055555556,210.384773110578,235.73749460194,240.953291666667,237.555722479535,259.017064145651
2024-12-07,1.25049305555556,237.573630154964,266.068923769247,297.617347222222,306.454054951307,333.788672533676
2024-12-08,1.37881944444444,262.338216830507,289.788675835161,329.537847222222,347.143255893556,377.243069626451
2024-12-09,1.23066666666667,262.338216830507,289.788675835161,295.36,303.853790777353,327.227714107422
2024-12-10,1.19721527777778,262.338216830507,289.788675835161,288.528881944444,295.504679037536,316.250641746813
2024-12-11,1.16968055555556,262.338216830507,289.788675835161,283.062694444444,288.911703211055,307.302453852851
2024-12-12,1.14263194444444,262.338216830507,289.788675835161,277.6595625,282.452560032709,298.588978872676
2024-12-13,1.1680625,268.727011634231,294.738092513506,285.00725,291.532830543847,306.779058953125
2024-12-14,1.17931944444444,273.228155935036,298.796409888511,288.933263888889,296.450372130236,310.425887715251
2024-12-15,1.19800694444444,278.182410339784,303.726702734621,294.709708333333,303.64596140591,316.509060797276
2024-12-16,1.14565972222222,278.182410339784,303.726702734621,282.977951388889,289.398700243994,299.560573136613
2024-12-17,1.10731944444444,278.182410339784,303.726702734621,274.615222222222,279.407808498654,287.327912048051
2024-12-18,1.11174305555556,280.578509480514,303.726702734621,276.824020833333,282.18234096605,288.731513350676
2024-12-19,1.18488888888889,289.650138291498,314.11219737129,296.222222222222,305.837968666645,312.235077587847
2024-12-20,1.15515972222222,289.650138291498,314.11219737129,289.945090277778,298.255554973714,302.615227920213
2024-12-21,1.24867361111111,301.562617599919,326.745742307395,314.66575,328.717148827427,333.184859325522
2024-12-22,1.35155395683453,316.362471788881,342.654008304886,341.943151079137,363.0359867429,367.867059775632
2024-12-23,1.14161428571429,316.362471788881,335.410872037154,289.970028571429,298.525990378677,298.262654088154
2024-12-24,1.07824305555556,316.362471788881,330.552193028899,274.951979166667,280.573759083591,278.152907390276
2024-12-25,1.07604166666667,316.362471788881,330.552193028899,275.466666666667,281.281935215467,277.461837717222
2024-12-26,1.07236805555556,316.362471788881,330.552193028899,275.598590277778,281.530311270957,276.309733168676
2024-12-27,1.07315277777778,316.362471788881,330.552193028899,276.873416666667,283.133449099001,276.555710791688
2024-12-28,1.07342361111111,316.362471788881,330.552193028899,278.016715277778,284.574946991157,276.640612541922
2024-12-29,1.06961805555556,316.362471788881,330.552193028899,278.100694444444,284.752730444172,275.448204142076
2024-12-30,1.07072916666667,316.362471788881,330.552193028899,279.4603125,286.440990230172,275.796198506097
2024-12-31,1.07270833333333,316.362471788881,330.552193028899,281.049583333333,288.39673983977,276.416366808222
2025-01-01,1.08342361111111,316.362471788881,333.133943954405,283.856986111111,293.083839027375,283.031443885922
2025-01-02,1.16339583333333,325.192995309933,343.392756364003,305.973104166667,319.779895478194,308.761268367797
2025-01-03,1.16524305555556,325.192995309933,346.49386687198,307.624166666667,321.796526807837,309.363468259076
2025-01-04,1.18023611111111,328.459522031124,350.188740436853,312.762569444444,328.054620352021,314.264153980647
2025-01-05,1.18065277777778,328.459522031124,350.188740436853,314.053638888889,329.620131175758,314.400692495688
2025-01-06,1.2925625,341.174626789613,365.247357718539,345.1141875,367.891700895493,351.723382703125
2025-01-07,1.31064583333333,346.723070483371,371.812118500645,351.253083333333,375.479453376148,357.876529898997
2025-01-08,1.29823611111111,346.723070483371,371.812118500645,349.225513888889,372.856234934115,353.650259399847
2025-01-09,1.29092361111111,349.275130301011,371.812118500645,348.549375,371.925028184669,351.167400173922
2025-01-10,1.370375,359.888670794329,383.37055888926,371.371625,400.431526033177,378.4420748125
2025-01-11,1.36318055555556,363.112960545913,386.983502625745,370.785111111111,399.549630685984,375.945295047251
2025-01-12,1.35111805555556,363.112960545913,386.983502625745,368.855229166667,396.980495994251,371.771144937676
2025-01-13,1.34352777777778,363.112960545913,386.983502625745,368.126611111111,395.927449154698,369.152327587388
2025-01-14,1.37125694444444,368.972012851578,392.556214751053,377.095659722222,407.048032751197,378.748504071476
2025-01-15,1.36052777777778,368.972012851578,392.556214751053,375.505666666667,404.88960828243,375.026012737788
2025-01-16,1.35326388888889,368.972012851578,392.556214751053,374.854097222222,403.914611131787,372.512578628247
2025-01-17,1.35548611111111,372.151145382726,395.171787270874,376.825138888889,406.222862426728,373.280915389247
2025-01-18,1.38565277777778,377.848762143414,401.042730530503,386.597125,418.314084768879,383.762010191688
2025-01-19,1.41136805555556,383.370335532801,407.056655957343,395.183055555556,428.940263861575,392.771239202276
2025-01-20,1.3834375,383.370335532801,407.056655957343,388.7459375,420.633713933932,382.989108203125
2025-01-21,1.40379861111111,388.246011301585,411.403866105198,395.871208333333,429.388402054374,390.112159626822
2025-01-22,1.44486805555556,395.291770488982,418.835912143008,408.897659722222,445.612312534542,404.610952662676
2025-01-23,1.43996527777778,398.187585691097,421.81751148561,408.950138888889,445.435049749387,402.870893360613
2025-01-24,1.42180555555556,398.187585691097,421.81751148561,405.214583333333,440.481105082362,396.447587977951
2025-01-25,1.55976388888889,414.99354853195,439.688490922965,446.092472222222,492.2628770688,446.104521144647
2025-01-26,1.59668055555556,425.057330761897,449.663239185555,458.247319444444,507.602954627105,459.728079737651
2025-01-27,2.09034722222222,482.836244313404,510.9766771413,602.02,700.250874885151,655.528814940488
2025-01-28,2.15907638888889,522.747194224643,536.083234095692,623.973076388889,730.061874994851,684.798521213922
2025-01-29,2.12445833333333,541.731807239884,545.867609132327,616.092916666667,718.161074323243,669.994305228822
2025-01-30,2.09271527777778,551.735068331818,552.143596955261,608.980145833333,707.425537449328,656.529145966413
2025-01-31,2.09211805555556,561.013013091058,560.02633168949,610.898472222222,709.243685562102,656.276822196076
2025-02-01,2.05754166666667,564.879087333683,563.616638100201,602.859708333333,697.33629093862,638.963234002989
2025-02-02,2.03678472222222,568.461725146019,567.327027330248,598.814708333333,690.990462579534,630.572444781088
2025-02-03,2.00283333333333,568.461725146019,567.327027330248,590.835833333333,679.330442342971,616.933405939089
2025-02-04,1.96802777777778,568.461725146019,567.327027330248,582.536222222222,667.33340736375,603.06133941235
2025-02-05,1.95136111111111,568.461725146019,567.327027330248,579.55425,662.588795781734,596.458128049288
2025-02-06,1.93489583333333,568.461725146019,567.327027330248,576.598958333333,657.907591712799,589.959804035451
2025-02-07,1.91542361111111,568.461725146019,567.327027330248,572.711659722222,652.007760834278,582.3069433421
2025-02-08,1.93804166666667,574.2118244687,572.844900377018,581.4125,662.942202366733,591.199462053189
2025-02-09,1.95161111111111,579.060654296521,578.34652175793,587.434944444444,670.282589455197,596.556987229588
2025-02-10,1.94341666666667,581.587957303018,581.548255852531,586.911833333333,668.85689732604,593.319615142589
2025-02-11,1.96481944444444,586.896908591324,587.668867852649,595.340291666667,679.382802318995,601.788211092353
2025-02-12,1.96300694444444,589.958885929311,591.677744329274,596.754111111111,680.523178937892,601.06940982459
2025-02-13,2.01810416666667,598.845729359057,601.804438816896,615.521770833333,704.866919636556,623.054946634651
2025-02-14,1.98036111111111,598.845729359057,601.804438816896,605.9905,691.3257583406,607.964145464088
2025-02-15,1.94327777777778,598.845729359057,601.804438816896,596.586277777778,678.066434151008,593.264792986751
2025-02-16,1.90560416666667,598.845729359057,601.804438816896,586.926083333333,664.57944412681,578.461005664651
2025-02-17,1.89054166666667,598.845729359057,601.804438816896,584.177375,660.262481894145,572.578757324189
2025-02-18,1.88307638888889,598.845729359057,601.804438816896,583.753680555556,659.01094860386,569.6711242589
2025-02-19,1.87738194444444,598.845729359057,601.804438816896,583.865784722222,658.464207205439,567.45664093859
2025-02-20,1.86770833333333,598.845729359057,601.804438816896,582.725,656.286076937138,563.701599488889
2025-02-21,1.85279166666667,598.845729359057,601.804438816896,579.923791666667,651.960209322573,557.928233875089
2025-02-22,1.84236805555556,598.845729359057,601.804438816896,578.503569444444,649.444436113802,553.90600272129
2025-02-23,1.83599305555556,598.845729359057,601.804438816896,578.3378125,648.560314720762,551.45096079939
2025-02-24,1.8349375,598.845729359057,601.804438816896,579.84025,649.830764939692,551.044805179688
2025-02-25,1.87061111111111,604.946967824216,607.650131879072,592.983722222222,666.128114920064,564.827487312388
2025-02-26,1.86713888888889,604.946967824216,610.024017649604,593.750166666667,666.414022273331,563.480841417088
2025-02-27,1.85273611111111,604.946967824216,610.024017649604,591.022819444444,662.195884266346,557.906752577188
2025-02-28,1.84773611111111,604.946967824216,610.024017649604,591.275555555556,661.826103083561,555.976143971188
2025-03-01,1.84720833333333,607.456344351241,610.024017649604,592.953875,663.285848024021,589.125369563311
2025-03-02,1.84115277777778,607.456344351241,610.024017649604,592.851194444444,662.458503641574,586.904227976644
2025-03-03,1.83659722222222,607.456344351241,610.024017649605,593.220902777778,662.237312359682,585.234502631244
2025-03-04,1.83690972222222,607.456344351241,610.024017649605,595.15875,664.016886400943,585.349006124806
2025-03-05,1.82922916666667,607.456344351241,610.024017649605,594.499479166667,662.481332973681,582.536256399449
2025-03-06,1.82052777777778,607.456344351241,610.024017649605,593.492055555555,660.50907235501,579.353339254894
2025-03-07,1.81945138888889,607.456344351241,610.024017649605,594.960604166667,661.683131539985,578.959872581011
2025-03-08,1.81950694444444,607.456344351241,610.024017649605,596.798277777778,663.319811073624,578.980158547838
2025-03-09,1.87090277777778,614.837422769989,617.770917509524,615.527013888889,686.379022480812,597.834777983244
2025-03-10,1.88613194444444,619.142624961555,622.523233501447,622.423541666667,694.407228790528,603.447963859138
2025-03-11,1.9305,626.463338336277,630.408646834219,638.9955,714.763166861555,619.8700365
2025-03-12,2.03669444444444,640.901771696809,646.104392719788,676.182555555556,761.675401126194,659.591739013775
2025-03-13,2.12718055555556,656.487397159694,662.075051889711,708.351125,802.433902402966,693.900554470425
2025-03-14,2.2193125,674.293666229793,679.19600689276,741.250375,844.397334939214,729.270803539063
2025-03-15,2.35093055555556,698.270195124175,701.786141860168,787.561736111111,904.374732780709,780.565841376425
2025-03-16,2.34294444444444,710.51346885517,710.505619781002,787.229333333333,902.717434706714,777.427737958775
2025-03-17,2.29745833333333,715.103488586418,710.505619781002,774.243458333333,884.382832616447,759.617634116211
2025-03-18,2.27115277777778,718.767260199232,710.505619781002,767.649638888889,874.567254763993,749.366804584644
2025-03-19,2.25076388888889,721.536726632747,710.505619781002,763.008958333333,867.362587489207,741.446331982123
2025-03-20,2.23449305555556,721.536726632747,710.505619781002,759.727638888889,861.967338073072,735.141125552638
2025-03-21,2.21683333333333,721.536726632747,710.505619781002,755.940166666667,855.943333565172,728.313237849711
2025-03-22,2.26134027777778,730.045677501043,718.916744669235,773.378375,877.477563859239,745.552246032506
2025-03-23,2.24329861111111,730.045677501043,721.776888311995,769.451423611111,871.244427783134,738.551694567811
2025-03-24,2.23154166666667,732.903830466252,724.39389094477,767.650333333333,867.791923441419,733.998883859811
2025-03-25,2.23877083333333,737.205503310631,728.853189800677,772.3759375,872.778103447328,736.797471788249
2025-03-26,2.2315625,739.788182040943,731.897532373582,772.120625,871.326013885432,734.006932226562
2025-03-27,2.23339583333333,742.98640328985,735.642833173645,774.988354166667,873.897014609457,734.716399005899
2025-03-28,2.24584722222222,747.174637542953,740.623342169405,781.554833333333,881.214451723061,739.539577269444
2025-03-29,2.28635416666667,754.45875997201,749.02912230816,797.937604166667,901.152657024838,755.286156504299
2025-03-30,2.48794444444444,779.941037231105,776.581668883115,870.780555555556,994.5735251433,834.920688734775
2025-03-31,2.52377083333333,795.208985402751,789.985644875282,885.8435625,1012.92100678032,849.294405044249
2025-04-01,2.44897222222222,795.208985402751,789.985644875282,862.038222222222,980.407707579999,861.893112307356
2025-04-02,2.39961805555556,798.141657989938,789.985644875282,847.065173611111,959.644270813279,843.457514422628
2025-04-03,2.37247222222222,798.141657989938,789.985644875282,839.855166666667,949.04246883946,833.336197837955
2025-04-04,2.34990972222222,800.757322234374,789.985644875282,834.217951388889,940.523661555054,824.933890413387
2025-04-05,2.32545138888889,800.757322234374,789.985644875282,827.860694444444,931.131125568704,815.835934783858
2025-04-06,2.31113194444444,800.757322234374,789.985644875282,825.074104166667,926.34471538486,810.514389742778
2025-04-07,2.29706944444444,800.757322234374,789.985644875282,822.350861111111,921.661604207395,805.291945515747
2025-04-08,2.28791666666667,800.757322234374,789.985644875282,821.362083333333,919.200723404793,801.89478476525
2025-04-09,2.27808333333333,800.757322234374,789.985644875282,820.11,916.416793248792,798.24665236565
2025-04-10,2.26477777777778,800.757322234374,789.985644875282,817.584777777778,912.03740639842,793.313162570356
2025-04-11,2.25384027777778,800.757322234374,789.985644875282,815.890180555556,908.723566842755,789.260079851137
2025-04-12,2.281375,806.763516110564,794.911767212116,828.139125,922.963354293851,799.467659515625
2025-04-13,2.28742361111111,810.285434621386,798.417500450631,832.622194444444,927.403258914619,801.711806172533
2025-04-14,2.38370138888889,823.033668655274,812.122004869465,870.051006944444,973.413147270783,837.521383139258
2025-04-15,2.40442361111111,829.887691165168,819.529475567158,880.019041666667,984.72532169553,845.250621274133
2025-04-16,2.664625,862.30183325839,853.593649635073,977.917375,1108.52740799343,942.961825015625
2025-04-17,2.82615972222222,895.304983605632,882.632699999812,1040.02677777778,1187.48290349736,1004.23469287914
2025-04-18,2.79707638888889,910.714200285746,891.473784977522,1032.1211875,1175.41653430662,993.168231846932
2025-04-19,2.72827777777778,914.710324553836,891.473784977522,1009.46277777778,1144.34543559943,967.050344005756
2025-04-20,2.77728472222222,927.439010085507,902.644150727815,1030.37263194444,1169.66518010008,985.646015273687
2025-04-21,2.74684722222222,931.585447257609,906.415126517203,1021.82716666667,1156.91774151883,974.09141714133
2025-04-22,2.74824305555556,937.532832691053,912.234849780684,1025.09465972222,1159.42435997726,974.620959920278
2025-04-23,2.73433333333333,941.136534221444,916.300997402445,1022.64066666667,1154.57830258371,969.3457630294
2025-04-24,2.75465972222222,947.753683010864,923.678839444578,1032.99739583333,1166.16373412862,977.055585595237
2025-04-25,2.75954166666667,952.804447984613,929.809636857928,1037.58766666667,1170.33366431766,978.90844037635
2025-04-26,2.76124305555556,957.302620672625,935.360957940488,1040.98863194444,1172.96854253242,979.554269805678
2025-04-27,2.7304375,957.302620672625,935.360957940488,1032.105375,1159.93115101591,967.868931722656
2025-04-28,2.67883333333333,957.302620672625,935.360957940488,1015.27783333333,1136.9008392939,948.3324363127
2025-04-29,2.63286111111111,957.302620672625,935.360957940488,1000.48722222222,1116.6071269555,930.968495037039
2025-04-30,2.58935416666667,957.302620672625,935.360957940488,986.5439375,1097.51727043471,914.570747137519
2025-05-01,2.52286805555556,957.302620672625,935.360957940488,963.735597222222,1067.50237009377,1084.53111933995
2025-05-02,2.4695,957.302620672625,935.360957940488,945.8185,1043.79788920238,1058.82158525
2025-05-03,2.48148611111111,959.917230356468,938.138722929564,952.890666666667,1051.13070039078,1064.58534964436
2025-05-04,2.64741666666667,977.93664248956,958.918323584094,1019.25541666667,1132.20586718026,1144.99647308222
2025-05-05,2.68401388888889,986.507914828145,968.933915474462,1036.02936111111,1151.57604215318,1162.88738183326
2025-05-06,2.79243055555556,1002.42965667051,986.232447412532,1080.670625,1205.93329198414,1216.21813491214
2025-05-07,2.76094444444444,1005.95635156985,989.516917519556,1071.24644444444,1192.34567375165,1200.67903793772
2025-05-08,2.78122222222222,1012.94940063087,996.25980875656,1081.89544444444,1203.96549050591,1210.68178262123
2025-05-09,2.71459027777778,1012.94940063087,996.25980875656,1058.69020833333,1173.24230275197,1177.87809450394
2025-05-10,2.65919444444444,1012.94940063087,996.25980875656,1039.74502777778,1148.04684263135,1150.74798135682
2025-05-11,2.62834027777778,1012.94940063087,996.25980875656,1030.30938888889,1134.76873587249,1135.69308645469
2025-05-12,2.63758333333333,1015.92654922292,999.250918627937,1036.57025,1140.90037645693,1140.19890472322
2025-05-13,2.57013194444444,1015.92654922292,999.250918627937,1012.63198611111,1109.89958780559,1107.39985076135
2025-05-14,2.57395833333333,1015.92654922292,999.250918627937,1016.71354166667,1113.36419219669,1109.25537120292
2025-05-15,2.62092361111111,1021.88414605506,1006.73992838923,1037.88575,1137.73913694322,1132.08015569778
2025-05-16,2.67097222222222,1028.44459546203,1015.29249144237,1060.37597222222,1163.7239171083,1156.50536453663
2025-05-17,2.64673611111111,1028.44459546203,1015.29249144237,1053.40097222222,1153.54610833599,1144.66428773391
2025-05-18,2.61871527777778,1028.44459546203,1015.29249144237,1044.86739583333,1141.5187608249,1131.00486284154
2025-05-19,2.6196875,1028.44459546203,1015.29249144237,1047.875,1143.59732366668,1131.47823330078
2025-05-20,2.63631944444444,1031.88723755661,1019.47790126268,1057.16409722222,1153.31013407881,1139.58256141514
2025-05-21,2.78339583333333,1048.45680684549,1038.62916954831,1118.925125,1227.10392418154,1211.75501278861
2025-05-22,2.84479861111111,1059.66154772376,1051.46308724804,1146.45384027778,1259.12314960444,1242.1550529058
2025-05-23,2.80516666666667,1059.66154772376,1051.46308724804,1133.28733333333,1241.16632491575,1222.51549374057
2025-05-24,2.77723611111111,1059.66154772376,1051.46308724804,1124.780625,1229.00125288427,1208.71413354801
2025-05-25,2.75672222222222,1062.2172197519,1051.46308724804,1119.22922222222,1220.49468638375,1198.59846022743
2025-05-26,2.73418055555556,1062.2172197519,1051.46308724804,1112.81148611111,1210.97782847506,1187.50328276174
2025-05-27,2.75915277777778,1067.81369975278,1056.64202196715,1125.73433333333,1224.927436992,1199.7960979687
2025-05-28,2.78202777777778,1072.80202507305,1062.27933634382,1137.84936111111,1237.86956176774,1211.07953009943
2025-05-29,2.72909027777778,1072.80202507305,1062.27933634382,1118.92701388889,1213.25089589817,1185.00074524664
2025-05-30,2.67422222222222,1072.80202507305,1062.27933634382,1099.10533333333,1187.71834139253,1158.09509905443
2025-05-31,2.63179861111111,1072.80202507305,1062.27933634382,1084.30102777778,1168.3551420873,1137.3785336302
2025-06-01,2.60001388888889,1072.80202507305,1062.27933634382,1073.80573611111,1154.23904305663,1226.42684575155
2025-06-02,2.59204166666667,1072.80202507305,1062.27933634382,1073.10525,1151.83005598241,1222.50104392631
2025-06-03,2.55236111111111,1072.80202507305,1062.27933634382,1059.22986111111,1133.82110135254,1202.97599746835
2025-06-04,2.52779166666667,1072.80202507305,1062.27933634382,1051.56133333333,1123.23659118477,1190.89912455871
2025-06-05,2.48177083333333,1072.80202507305,1059.73513424892,1034.8984375,1102.13177222452,1168.30394414986
2025-06-06,2.426625,1072.80202507305,1053.99716679768,1014.32925,1076.59167141256,1141.273283625
2025-06-07,2.365875,1072.80202507305,1045.53624979859,991.301625,1048.36696847499,1111.551953625
2025-06-08,2.32491666666667,1072.80202507305,1040.53750267186,976.465,1029.81708499757,1091.54684132551
2025-06-09,2.2785,1072.80202507305,1033.24689646807,959.2485,1008.63306554093,1068.908148
2025-06-10,2.23021527777778,1072.80202507305,1024.77193785479,941.150847222222,986.569404133737,1045.39496104483
2025-06-11,2.16279861111111,1072.80202507305,1009.81498811881,914.8638125,955.304127112192,1012.6274710133
2025-06-12,2.09422916666667,1072.49274852082,992.111348129847,887.953166666667,923.569029121518,979.374313817061
2025-06-13,2.03105555555556,1042.069509787,974.441921162925,863.198611111111,894.505045477404,948.804464842331
2025-06-14,1.98149305555556,1018.52850287196,960.297225530655,844.116041666667,872.00787286203,924.865758032781
2025-06-15,1.93717361111111,997.598471994414,947.084845532857,827.173131944444,852.040563024253,903.492708692296
2025-06-16,1.88014583333333,970.031970071707,928.580174142773,804.702416666667,826.05413037931,876.037327054061
2025-06-17,1.81213888888889,936.685462502269,904.470854086366,777.407583333333,794.922394775372,843.364209153146
2025-06-18,1.74152777777778,901.863526510362,878.072872434258,748.856944444444,762.652012766594,809.518237645383
2025-06-19,1.65490277777778,858.600559008288,844.039376187516,713.263097222222,722.969673248909,768.105298739583
2025-06-20,1.58677083333333,824.785680463211,816.618760777512,685.485,692.087386104759,735.617686293861
2025-06-21,1.52106944444444,792.107136652086,788.982381593723,658.623069444444,662.426672905105,704.359409416931
2025-06-22,1.44629166666667,754.567857552979,756.484028651812,627.690583333333,628.645660702686,668.867004981911
2025-06-23,1.35172222222222,706.539980272316,713.745208741111,587.999166666667,585.872291587298,624.108763227783
2025-06-24,1.27045138888889,665.293561943124,676.114746702016,553.916805555556,549.402872078554,585.758910338096
2025-06-25,1.19282638888889,625.802592230104,639.354664331533,521.265131944444,514.745384374129,549.228102324296
2025-06-26,1.10265277777778,579.565286927184,595.538099881184,482.961916666667,474.543035067078,506.912893098783
2025-06-27,1.00381944444444,528.59252746783,546.33685242829,440.676736111111,430.650920511377,460.683394562531
2025-06-28,0.944104166666667,498.064094601823,516.306618863652,415.405833333333,404.496025096935,432.827245703661
2025-06-29,0.851916666666667,450.256644060102,469.220666169234,375.69525,363.949055826302,389.935336539911
2025-06-30,0.701791666666667,371.592044205026,390.593849030846,310.191916666667,298.102929648797,320.377970251511
2025-07-01,0.695519230769231,368.898621586908,387.384195124108,308.115019230769,NA,333.38515724353
