"date","hs","swe_deltasnow","swe_hs2swe","swe_gu19","swe_pi16","swe_st10"
2024-10-22,0,0,0,0,0,0
2024-10-23,0.691180555555556,55.8038859847222,78.5872291666667,208.137136,133.397847222222,103.892688238174
2024-10-24,0.674340277777778,76.3402167073452,91.9809011396332,202.428387267361,130.822013888889,101.897436491241
2024-10-25,0.679604166666667,86.2221469660017,100.039685702618,203.376440025,132.5228125,104.034309084375
2024-10-26,0.686534722222222,93.2713282889497,106.423110056997,204.822485364583,134.560805555556,106.505140410779
2024-10-27,0.679881944444444,97.5728781490067,110.379639222482,202.226261177778,133.936743055556,106.37448273147
2024-10-28,0.6745,100.962832100767,113.569899808394,200.02924785,133.551,106.469249942515
2024-10-29,0.673868055555556,104.140211855993,116.760189778625,199.256584441667,134.099743055556,107.470792514583
2024-10-30,0.668,104.140211855993,119.083022155045,196.9515836,133.6,107.439359714576
2024-10-31,0.665722222222222,106.618019494734,121.43558937014,195.722333333333,133.810166666667,108.096390277527
2024-11-01,0.669263888888889,109.346898554169,124.266488474011,196.2132476375,135.191305555556,109.899249436515
2024-11-02,0.66875,109.346898554169,126.614640318314,195.5229725,135.75625,110.896073619505
2024-11-03,0.663208333333333,109.346898554169,126.614640318314,193.3778215875,135.2945,110.873235043699
2024-11-04,0.660125,109.346898554169,126.614640318314,191.9664624,135.325625,111.330452787355
2024-11-05,0.661638888888889,109.346898554169,126.614640318314,191.903397430556,136.297611111111,112.713296692093
2024-11-06,0.663145833333333,109.346898554169,129.213038486044,191.846232775,137.2711875,114.095379680624
2024-11-07,0.663694444444444,109.346898554169,129.213038486044,191.520513858333,138.048444444444,115.279248253162
2024-11-08,0.667569444444444,111.842001003969,132.041288135827,192.161733777778,139.522013888889,117.156395725318
2024-11-09,0.662048611111111,111.842001003969,132.041288135827,190.109708260417,139.030208333333,117.062707935894
2024-11-10,0.663736111111111,111.842001003969,132.041288135827,190.14048375,140.048319444444,118.476439248921
2024-11-11,0.665180555555556,111.842001003969,134.484990737657,190.109733584722,141.018277777778,119.839486585935
2024-11-12,0.66025,111.842001003969,134.484990737657,188.2694952,140.63325,119.833827329864
2024-11-13,0.705555555555556,118.101861584192,141.325261046615,200.738528333333,150.988888888889,130.75527682822
2024-11-14,0.728756944444444,122.797725217399,146.776285503691,206.886225952778,156.682743055556,137.02625215964
2024-11-15,0.7125,122.797725217399,146.776285503691,201.83878125,153.9,134.508496125957
2024-11-16,0.704416666666667,122.797725217399,146.776285503691,199.1323928,152.858416666667,133.796116780205
2024-11-17,0.687756944444444,122.797725217399,146.776285503691,194.026756709028,149.931013888889,131.136112427205
2024-11-18,0.670638888888889,122.797725217399,146.776285503691,188.821598233333,146.869916666667,128.348083665001
2024-11-19,0.722784722222222,129.539043455611,153.957756812625,203.10951795625,159.012638888889,141.265289712019
2024-11-20,0.824763888888889,141.791673060065,168.149995737094,231.329775555555,182.272819444444,166.472310501015
2024-11-21,0.898826388888889,153.421023054632,181.133880339951,251.64055914375,199.539458333333,185.904783638966
2024-11-22,0.974263888888889,166.391092366366,194.859871111315,272.274411383333,217.260847222222,206.368119178946
2024-11-23,0.955819444444444,170.904236917489,198.61750615927,266.657662815278,214.103555555556,203.045672055534
2024-11-24,0.929652777777778,170.904236917489,198.61750615927,258.922429333333,209.171875,197.723250278965
2024-11-25,0.911694444444444,173.316806848887,198.61750615927,253.508036458333,206.042944444444,194.480428133885
2024-11-26,0.910416666666667,176.45577779122,200.929569244062,252.754609166667,206.664583333333,195.481013290857
2024-11-27,0.894909722222222,176.45577779122,200.929569244062,248.071928202083,204.039416666667,192.815056129632
2024-11-28,0.922493055555556,181.784804134275,206.133381866014,255.3431258,211.250909722222,201.254994561729
2024-11-29,0.900104166666667,181.784804134275,206.133381866014,248.793922260417,207.023958333333,196.750466570755
2024-11-30,0.881319444444444,181.784804134275,206.133381866014,243.27060625,203.584791666667,193.160206029334
2024-12-01,0.8818125,181.784804134275,206.133381866014,243.08898733125,204.5805,194.553263440324
2024-12-02,0.889305555555556,184.699200577132,209.11437980853,244.847874222222,207.208194444444,197.777695607189
2024-12-03,0.909576388888889,188.793423487628,213.522937074033,250.129231935417,212.840875,204.405670242322
2024-12-04,0.911486111111111,191.198870111037,216.223747689165,250.368098783333,214.199236111111,206.201103263525
2024-12-05,0.913305555555556,191.198870111037,218.668879714844,250.595061597222,215.540111111111,207.972539488661
2024-12-06,1.0205625,203.961185154396,233.003732130921,279.7353648,241.8733125,238.635705030187
2024-12-07,1.04724305555556,210.993048658526,240.74306160411,286.76792731875,249.243847222222,247.531650698116
2024-12-08,1.38382638888889,249.593198920393,283.136041268127,378.585562880556,330.734506944444,348.691218419981
2024-12-09,1.2913125,257.849846832294,283.136041268127,352.96955398125,309.915,322.110151360954
2024-12-10,1.21585416666667,257.849846832294,283.136041268127,332.07409,293.020854166667,301.057830733074
2024-12-11,1.18771527777778,261.375164830918,283.136041268127,324.143771004861,287.427097222222,294.266243476335
2024-12-12,1.16177777777778,261.375164830918,283.136041268127,316.843288533333,282.312,288.119264714515
2024-12-13,1.13029861111111,261.375164830918,283.136041268127,308.059834652083,275.792861111111,280.321363710565
2024-12-14,1.19260416666667,270.985373201715,292.226700048823,324.850109666667,292.188020833333,300.447341009301
2024-12-15,1.18316666666667,273.961500770695,294.875653114303,322.10825125,291.059,299.159008023655
2024-12-16,1.18709027777778,277.66720743053,298.140444755917,323.022934175,293.211298611111,301.894700497341
2024-12-17,1.12740277777778,277.66720743053,298.140444755917,306.652766373611,279.595888888889,285.412114694722
2024-12-18,1.10130555555556,277.66720743053,298.140444755917,299.4458616,274.225083333333,279.05873289163
2024-12-19,1.1471875,284.110769756281,304.636648195001,311.82586771875,286.796875,294.341242879496
2024-12-20,1.1695625,288.586359817903,309.766372920056,317.828609375,293.5601875,302.659547110134
2024-12-21,1.16825694444444,288.586359817903,312.301380296136,317.412724814583,294.40075,303.760782229648
2024-12-22,1.30983916083916,305.117908797856,330.668505397723,355.831954304895,331.389307692308,349.66924391795
2024-12-23,1.29923529411765,309.687885814799,335.152662454447,352.923365829412,330.005764705882,347.922570887329
2024-12-24,1.09708333333333,309.687885814799,321.047576504723,298.0042565,279.75625,286.311893511805
2024-12-25,1.07708333333333,309.687885814799,321.047576504723,292.581609375,275.733333333333,281.599478931846
2024-12-26,1.07416666666667,309.687885814799,321.047576504723,291.815850666667,276.060833333333,282.080154265303
2024-12-27,1.07263194444444,309.687885814799,321.047576504723,291.44192951875,276.739041666667,282.973666370931
2024-12-28,1.07359722222222,309.687885814799,321.047576504723,291.763787183333,278.061680555556,284.628407338015
2024-12-29,1.07084027777778,309.687885814799,321.047576504723,291.090474817361,278.418472222222,285.130135346503
2024-12-30,1.07148611111111,309.687885814799,321.047576504723,291.358503333333,279.657875,286.675602105538
2024-12-31,1.07061111111111,309.687885814799,321.047576504723,291.229454483333,280.500111111111,287.744341515075
2025-01-01,1.07430555555556,309.687885814799,321.047576504723,292.360224722222,281.468055555556,290.232686034215
2025-01-02,1.11525,314.760108965453,327.373264012966,303.650567325,293.31075,304.461310624471
2025-01-03,1.16335416666667,320.661202589174,334.860215743996,316.9200114,307.1255,321.19014215273
2025-01-04,1.16358333333333,320.661202589174,337.5457800171,317.172453958333,308.349583333333,322.682114444415
2025-01-05,1.18420138888889,324.336442935693,341.871174277731,323.004191875,314.997569444444,330.771332404646
2025-01-06,1.20109722222222,327.755616751233,346.057526785553,327.845852620833,320.692958333333,337.711268922527
2025-01-07,1.31704166666667,341.040649002963,361.574163936848,359.769423466667,352.967166666667,377.626022432653
2025-01-08,1.30654861111111,344.149931557887,365.250175333851,357.196932827083,351.461576388889,375.6478070287
2025-01-09,1.30095138888889,346.886226264281,367.766938648299,355.979328541667,351.256875,375.298163741714
2025-01-10,1.29377777777778,346.886226264281,367.766938648299,354.347232311111,350.613777777778,374.402085943851
2025-01-11,1.38619444444444,358.831685720233,380.634050968074,380.034633066667,377.044888888889,407.458719961898
2025-01-12,1.36004166666667,358.831685720233,380.634050968074,373.2543231375,371.291375,400.044439853728
2025-01-13,1.34823611111111,361.592841709128,380.634050968074,370.421399994444,369.416694444444,397.545558843949
2025-01-14,1.35011805555556,364.963666680902,383.515188319357,371.36684765625,371.282465277778,399.742104430127
2025-01-15,1.37077083333333,369.833344150091,388.581980124264,377.5037078,378.33275,408.442912689255
2025-01-16,1.357125,369.833344150091,388.581980124264,374.2181260125,375.923625,405.255038033487
2025-01-17,1.35393055555556,369.833344150091,388.581980124264,373.829433116667,376.392694444444,405.681406995196
2025-01-18,1.355125,372.588703938264,391.197356449357,374.6726842125,378.079875,407.627885150832
2025-01-19,1.40882638888889,380.41896133312,399.753246050829,390.075850555556,394.471388888889,428.041636360411
2025-01-20,1.39991666666667,380.41896133312,402.447482490798,388.182472525,393.376583333333,426.455765286769
2025-01-21,1.38281944444444,380.41896133312,402.447482490798,384.02942545,389.955083333333,421.954882820708
2025-01-22,1.42256944444444,387.367625606821,409.144618330587,395.695230590278,402.587152777778,437.633279099724
2025-01-23,1.45294444444444,393.847049784322,415.917264524192,404.8065952,412.636222222222,450.10158409123
2025-01-24,1.42259722222222,393.847049784322,415.917264524192,397.021989270833,405.440208333333,440.765245937161
2025-01-25,1.45898611111111,400.8123713033,422.247320523917,407.887579894444,417.270027777778,455.453294312022
2025-01-26,1.57561111111111,416.337337429692,438.847443206522,441.283452183333,452.200388888889,499.789540059234
2025-01-27,1.67652083333333,433.276015321542,456.192929943207,470.4129688,482.838,539.215392765933
2025-01-28,2.20936805555556,498.395526755013,523.842492629222,621.101303703472,638.507368055556,750.515130222419
2025-01-29,2.14059722222222,529.924013738976,535.847595052118,602.942019583333,620.773194444444,724.691298688979
2025-01-30,2.1203125,546.063470112695,544.884545616015,598.42364203125,617.0109375,718.573397040589
2025-01-31,2.0805,553.752586757132,549.61360776136,588.3920304,607.506,704.554780829254
2025-02-01,2.09120138888889,563.30941798559,558.127419443829,592.66173938125,612.722006944445,710.92391909744
2025-02-02,2.0499375,566.055708534118,560.838347755444,582.217508925,602.681625,696.287502078567
2025-02-03,2.02954861111111,569.318464939549,564.26026115523,577.695790538195,598.716840277778,690.069866136208
2025-02-04,1.98897916666667,569.318464939549,564.26026115523,567.4223414,588.737833333333,675.728360693271
2025-02-05,1.95997916666667,569.318464939549,564.26026115523,560.43507093125,582.1138125,666.037650729435
2025-02-06,1.94645138888889,569.318464939549,564.26026115523,557.873989730556,580.042513888889,662.531208759098
2025-02-07,1.92870138888889,569.318464939549,564.26026115523,554.111473014583,576.681715277778,657.316959115578
2025-02-08,1.91232638888889,569.318464939549,564.26026115523,550.75,573.697916666667,652.636163934446
2025-02-09,1.95331944444444,576.850358632106,571.795742189492,563.957897365278,587.949152777778,670.971036652047
2025-02-10,1.94701388888889,579.804973506201,575.455712116682,563.56472775,587.998194444444,670.307808827273
2025-02-11,1.95542361111111,583.935545669157,580.25468458935,567.462563147917,592.493354166667,675.578666513345
2025-02-12,1.95147222222222,586.668508090657,583.804215535594,567.806602488889,593.247555555556,675.846400974581
2025-02-13,1.99340277777778,594.006355661532,592.297760157132,581.560309895833,607.987847222222,694.77051935782
2025-02-14,2.0034375,598.67235181496,598.19628281851,586.079996625,613.051875,700.757743811632
2025-02-15,1.97261111111111,598.67235181496,598.19628281851,578.660143394445,605.591611111111,690.024631379037
2025-02-16,1.92704861111111,598.67235181496,598.19628281851,566.885285666667,593.530972222222,673.290144193364
2025-02-17,1.897875,598.67235181496,598.19628281851,559.8991258875,586.443375,663.238048410333
2025-02-18,1.88779861111111,598.67235181496,598.19628281851,558.542975069444,585.217569444445,660.928287520669
2025-02-19,1.88202777777778,598.67235181496,598.19628281851,558.476122225,585.310638888889,660.352506008927
2025-02-20,1.87327777777778,598.67235181496,598.19628281851,557.541417066667,584.462666666667,658.551126006152
2025-02-21,1.86582638888889,598.67235181496,598.19628281851,557.007577449305,584.003659722222,657.263139369972
2025-02-22,1.84682638888889,598.67235181496,598.19628281851,553.030684691667,579.903486111111,651.258024905565
2025-02-23,1.8385625,598.67235181496,598.19628281851,552.27200015625,579.1471875,649.606407918237
2025-02-24,1.8351875,598.67235181496,598.19628281851,552.9992516,579.91925,649.932698712925
2025-02-25,1.842,601.593533668283,600.618029489266,556.8279426,583.914,654.410370943228
2025-02-26,1.87734027777778,607.275276161673,606.703692423177,569.349997275,596.994208333333,670.607637260086
2025-02-27,1.86159027777778,607.275276161673,606.703692423177,566.425515342361,593.847298611111,665.835118472715
2025-02-28,1.85156944444444,607.275276161673,606.703692423177,565.24712,592.502222222222,663.402920065287
2025-03-01,1.84535416666667,607.275276161673,606.703692423177,565.24249976875,592.3586875,662.522157383775
2025-03-02,1.84626388888889,607.275276161673,606.703692423177,567.443298205556,594.496972222222,664.566589833475
2025-03-03,1.8384375,607.275276161673,606.703692423177,566.98019184375,593.8153125,662.997053568768
2025-03-04,1.83721527777778,607.275276161673,606.703692423177,568.572565533333,595.25775,664.143239110426
2025-03-05,1.83584722222222,607.275276161673,606.703692423177,570.145302951389,596.650347222222,665.221131827433
2025-03-06,1.82465277777778,607.275276161673,606.703692423177,568.680772916667,594.836805555556,662.217589890295
2025-03-07,1.82095138888889,607.275276161673,606.703692423177,569.56318455625,595.451104166667,662.30527448463
2025-03-08,1.8188125,607.275276161673,606.703692423177,570.9557998,596.5705,663.031336646613
2025-03-09,1.82266666666667,609.751830559733,606.703692423177,574.2597492,599.657333333333,666.242373060861
2025-03-10,1.89052777777778,618.58603442948,616.729006164583,597.841599166667,623.874166666667,696.254264598002
2025-03-11,1.88529861111111,621.042772464643,619.673537704209,598.412066563194,624.033840277778,695.697221299236
2025-03-12,1.98386111111111,633.839463799305,633.511468536971,632.067672533333,658.641888888889,739.096647146139
2025-03-13,2.05533333333333,646.113652391633,646.571715770109,657.3270466,684.426,771.410889137355
2025-03-14,2.15294444444444,662.53888208284,663.260088737626,691.183867977778,719.083444444444,815.409794475392
2025-03-15,2.26095138888889,682.407014158046,682.516015247648,728.665065989583,757.418715277778,864.537379859937
2025-03-16,2.37491666666667,705.526367878919,703.829952701328,768.3786384,797.972,916.965957666863
2025-03-17,2.32010416666667,712.514159143583,707.309604977293,753.596050510417,781.875104166667,894.438460805577
2025-03-18,2.2875,717.155290827746,709.734914889661,745.951005,773.175,881.814460570908
2025-03-19,2.26314583333333,720.365522979669,709.73491488966,740.95779318125,767.2064375,872.84695099516
2025-03-20,2.24573611111111,723.034775005193,709.73491488966,738.218374444444,763.550277777778,866.945532414303
2025-03-21,2.22946527777778,723.034775005193,709.73491488966,735.843263952083,760.247659722222,861.534512073302
2025-03-22,2.22747222222222,726.430703641897,713.04550190865,738.190531366667,761.7955,862.435483427623
2025-03-23,2.25977083333333,733.190953894597,720.555561869894,751.977838827083,775.101395833333,878.575044709308
2025-03-24,2.23959027777778,733.190953894597,722.962855735992,748.352820466667,770.419055555556,871.372882961012
2025-03-25,2.2344375,736.205681557433,726.130769448246,749.74874484375,770.8809375,870.847430112515
2025-03-26,2.23731944444444,739.737769847288,730.115162828037,753.871946227778,774.112527777778,873.893745355048
2025-03-27,2.22272222222222,739.737769847288,730.115162828037,752.12318965,771.284611111111,869.133123943924
2025-03-28,2.23745833333333,744.283128646232,734.964277731615,760.3348808,778.6355,877.460610049036
2025-03-29,2.26389583333333,750.128857098656,741.708914698644,772.617163039583,790.099645833333,891.05845170109
2025-03-30,2.33959722222222,761.630254471845,754.548651759502,801.896947916667,818.859027777778,926.961184333277
2025-03-31,2.50796527777778,785.126455707239,779.497575804742,863.336198902083,880.2958125,1005.64349598508
2025-04-01,2.51142361111111,796.718183787151,789.161476756183,868.301608444445,884.021111111111,1009.10613365626
2025-04-02,2.43106944444444,796.718183787151,789.161476756183,844.211473529167,858.167513888889,974.031639655174
2025-04-03,2.38909027777778,799.511984485142,789.161476756183,833.298443075,845.737958333333,956.629959533691
2025-04-04,2.36521527777778,799.511984485142,789.161476756183,828.635433454861,839.651423611111,947.505670574391
2025-04-05,2.34072916666667,799.511984485141,789.161476756183,823.719447,833.299583333333,938.093491774735
2025-04-06,2.32010416666667,799.511984485142,789.161476756183,820.12735759375,828.2771875,930.431990640832
2025-04-07,2.30669444444444,802.371936409334,789.161476756183,819.067522077778,825.796611111111,926.046075478761
2025-04-08,2.29307638888889,802.371936409334,789.161476756183,817.925901535417,823.214423611111,921.551530318388
2025-04-09,2.28511111111111,802.371936409334,789.161476756183,818.801013333333,822.64,919.619955918535
2025-04-10,2.27297916666667,802.371936409334,789.161476756183,818.185444897917,820.545479166667,915.775687073076
2025-04-11,2.26133333333333,802.371936409334,789.161476756183,817.7406464,818.602666666667,912.139602323771
2025-04-12,2.25334722222222,802.371936409334,789.161476756183,818.6214417125,817.965041666667,910.159637087412
2025-04-13,2.29239583333333,809.315885449388,795.453300063818,836.676797333333,834.432083333333,929.681801873713
2025-04-14,2.30702083333333,813.707740148813,800.22487863053,845.94416671875,842.062604166667,938.066086692696
2025-04-15,2.39757638888889,826.015989561958,813.652472736328,883.270018758333,877.512958333333,981.550639475431
2025-04-16,2.43467361111111,834.658131631927,823.03298096947,901.158647450695,893.525215277778,1000.50152224488
2025-04-17,2.78961805555556,877.903685438972,868.423788506845,1037.41655266667,1026.57944444444,1169.9551116098
2025-04-18,2.81292361111111,902.81361093125,884.639672766073,1051.04806341458,1037.9688125,1183.02337597172
2025-04-19,2.77320138888889,913.551746828346,890.250278062672,1041.14299743056,1026.08451388889,1165.84296866529
2025-04-20,2.73845833333333,919.378914609874,893.611867998652,1033.0168617125,1015.96804166667,1151.05804877408
2025-04-21,2.77286111111111,930.079786866774,903.444206249628,1051.0164024,1031.50433333333,1169.39811229169
2025-04-22,2.74280555555556,933.617777341864,906.876344435938,1044.63397514722,1023.06647222222,1156.81598706825
2025-04-23,2.75025694444444,939.818885494112,913.146744312886,1052.537633975,1028.59609722222,1162.22217991749
2025-04-24,2.73435416666667,943.047541619135,916.961897220854,1051.53007421875,1025.3828125,1156.40575772065
2025-04-25,2.75854861111111,949.948884807692,924.666480577638,1066.00028424444,1037.21427777778,1169.85550189162
2025-04-26,2.76,954.599098673043,930.421150457642,1071.772308,1040.52,1172.36938889951
2025-04-27,2.75540972222222,958.306148817242,935.149708817355,1075.23471859167,1041.544875,1171.96346114067
2025-04-28,2.71495833333333,958.306148817242,935.149708817355,1064.65923609583,1028.96920833333,1154.26518954524
2025-04-29,2.66045833333333,958.306148817242,935.149708817355,1048.43342,1010.97416666667,1129.83640818713
2025-04-30,2.62022222222222,958.306148817242,935.149708817355,1037.6858206,998.304666666667,1112.28313940847
2025-05-01,2.57118055555556,958.306148817242,935.149708817355,1023.31649097222,982.190972222222,1090.53656660101
2025-05-02,2.49920138888889,958.306148817242,935.149708817355,999.61882528125,957.194131944444,1057.90643449924
2025-05-03,2.4615,958.306148817242,935.149708817355,989.4521088,945.216,1041.63688554549
2025-05-04,2.53256944444444,967.035582682826,944.697514142594,1023.11373559028,975.039236111111,1077.12098628815
2025-05-05,2.67446527777778,983.610931777907,964.114644715201,1085.85750785833,1032.34359722222,1146.96270139074
2025-05-06,2.7165,993.30300755674,974.941319861036,1108.47135645,1051.2855,1169.02339724652
2025-05-07,2.79390972222222,1006.6930450657,989.121564868935,1145.80696348889,1084.03697222222,1208.40916907315
2025-05-08,2.75300694444444,1006.6930450657,989.121564868935,1134.73908247292,1070.91970138889,1190.21439700318
2025-05-09,2.77683333333333,1015.03910136379,995.856317434911,1150.358745,1082.965,1203.55935036138
2025-05-10,2.6891875,1015.03910136379,995.856317434911,1119.70694936875,1051.4723125,1162.59726606366
2025-05-11,2.64438888888889,1015.03910136379,995.856317434911,1106.6577104,1036.60044444444,1142.54094690882
2025-05-12,2.65235416666667,1018.70808373639,998.67554551709,1115.65257176875,1042.3751875,1148.06434496417
2025-05-13,2.59377777777778,1018.70808373639,998.67554551709,1096.59010631111,1021.94844444444,1121.32839571081
2025-05-14,2.56305555555556,1018.70808373639,998.67554551709,1089.15123541667,1012.40694444444,1108.09470607299
2025-05-15,2.58644444444444,1022.63550034144,1002.66823345276,1104.73042773333,1024.232,1121.01953169694
2025-05-16,2.6515,1030.60330570087,1012.16902251211,1138.34012395,1052.6455,1154.23633089281
2025-05-17,2.66106944444444,1033.75334514708,1016.75283512129,1148.33342621667,1059.10563888889,1160.53240942752
2025-05-18,2.63811111111111,1033.75334514708,1016.75283512129,1144.3010079,1052.60633333333,1150.96461283307
2025-05-19,2.60885416666667,1033.75334514708,1016.75283512129,1137.46041666667,1043.54166666667,1138.3218908329
2025-05-20,2.62933333333333,1037.99439898318,1020.75942153135,1152.3255792,1054.36266666667,1149.90102574468
2025-05-21,2.652125,1042.25732323077,1025.68205057725,1168.34274795,1066.15425,1162.63549352361
2025-05-22,2.84024305555556,1063.14370069199,1049.77869704383,1257.71444169097,1144.61795138889,1256.86627083834
2025-05-23,2.8401875,1070.07238520289,1056.83331095289,1264.2333486,1147.43575,1258.50823630996
2025-05-24,2.78381944444444,1070.07238520289,1056.83331095289,1245.59913177083,1127.446875,1232.25523923455
2025-05-25,2.77877777777778,1074.54218556914,1059.15750159316,1249.83088831111,1128.18377777778,1231.3961522703
2025-05-26,2.74284027777778,1074.54218556914,1059.15750159316,1240.11296912292,1116.33599305556,1215.25366171449
2025-05-27,2.73724305555556,1077.1977864234,1059.15750159316,1244.0572606,1116.79516666667,1214.09410513695
2025-05-28,2.77865277777778,1083.70531207522,1065.8376326025,1269.49337559861,1136.46898611111,1236.19614284386
2025-05-29,2.76640972222222,1083.70531207522,1065.8376326025,1270.528993125,1134.22798611111,1231.73221052194
2025-05-30,2.71006944444444,1083.70531207522,1065.8376326025,1251.18946822917,1113.83854166667,1205.42343236123
2025-05-31,2.6571875,1083.70531207522,1065.8376326025,1233.224102,1094.76125,1180.86751211555
2025-06-01,2.61992361111111,1083.70531207522,1065.8376326025,1222.32876666458,1082.02845138889,1164.03775810418
2025-06-02,2.59802777777778,1083.70531207522,1065.8376326025,1218.49892963333,1075.5835,1154.77578756909
2025-06-03,2.5795625,1083.70531207522,1065.8376326025,1216.21857640625,1070.5184375,1147.1931173097
2025-06-04,2.54018055555556,1083.70531207522,1065.8376326025,1203.97242613333,1056.71511111111,1129.31956233339
2025-06-05,2.52093055555556,1083.70531207522,1065.8376326025,1201.1611427375,1051.22804166667,1121.33531050619
2025-06-06,2.46140972222222,1083.70531207522,1060.10342283218,1179.00245761389,1028.86926388889,1093.60152233037
2025-06-07,2.40343055555556,1083.70531207522,1052.93942379133,1157.3231943875,1007.03740277778,1066.67698978024
2025-06-08,2.35370138888889,1083.70531207522,1046.27035975431,1139.37976833333,988.554583333333,1043.82157124816
2025-06-09,2.31106944444444,1083.70531207522,1040.39690155869,1124.67200754028,972.960236111111,1024.44644118722
2025-06-10,2.26348611111111,1083.70531207522,1032.82772776333,1107.35806698333,955.191138888889,1002.68641389877
2025-06-11,2.21245138888889,1083.70531207522,1023.65512226276,1088.13514317292,935.8669375,979.283421679153
2025-06-12,2.13775694444444,1083.70531207522,1005.40470604433,1056.98228237778,906.408944444444,944.507952129817
2025-06-13,2.07185416666667,1054.13485444699,987.724844683414,1029.84101171875,880.538020833333,914.062821395096
2025-06-14,2.01275694444444,1025.98752260613,970.906576928382,1005.785111475,857.434458333333,886.952875977416
2025-06-15,1.96520833333333,1003.63248333767,956.933397074006,987.248543520833,839.143958333333,865.411874599338
2025-06-16,1.92313888888889,983.996592877494,944.416953171955,971.2559104,823.103444444444,846.508432582431
2025-06-17,1.8559375,951.402836648144,921.421237138393,942.30716634375,796.1971875,815.68061297761
2025-06-18,1.79185416666667,920.286545025509,898.315567132999,914.616122291667,770.497291666667,786.412654291548
2025-06-19,1.71347222222222,881.693839286655,868.28975507876,879.267756791667,738.506527777778,750.484351242247
2025-06-20,1.62870833333333,839.663413109313,834.494552093881,840.2258728,703.602,711.697973569679
2025-06-21,1.56595833333333,808.842503547997,809.009548844565,812.161269995833,678.059958333333,683.33865030611
2025-06-22,1.49777083333333,775.088836016319,779.917596855415,780.939509825,650.032541666667,652.523640183222
2025-06-23,1.41741666666667,734.89671835173,744.501755888717,742.985011875,616.57625,616.172151665005
2025-06-24,1.32067361111111,686.036219079557,700.11761622995,695.967523044444,575.813694444444,572.431069761496
2025-06-25,1.24642361111111,648.694003204886,665.476452111019,660.34438528125,544.687118055556,539.200627771549
2025-06-26,1.15990972222222,604.812489287528,624.013500586526,617.789724358333,508.040458333333,500.511838910152
2025-06-27,1.07253472222222,560.311718985305,581.151542721252,574.301265670139,470.842743055556,461.614590630877
2025-06-28,0.982854166666667,514.432497092602,536.216660942026,529.090055,432.455833333333,421.869077789224
2025-06-29,0.905319444444444,474.745707058871,496.833949976144,489.953179820833,399.245875,387.748147333843
2025-06-30,0.799958333333333,420.28615991294,442.737235434175,435.243569883333,353.581583333333,341.419722475211
2025-07-01,0.696020833333333,366.367406558203,387.829399606724,NA,308.337229166667,NA
2025-07-02,0.705,366.367406558203,387.829399606724,NA,313.02,NA
