TIMESTAMP,median,p05,p95,density
2024-10-22,173.8403399657194,168.16247817521523,193.17336623951437,294.64464400969393
2024-10-23,177.32539506368505,172.59946853996706,198.6285755738471,282.81562211114044
2024-10-24,197.5349119217094,185.98401251935192,212.1702039352585,293.95076178825803
2024-10-25,201.01088840558276,190.47162033824353,220.3483281249358,296.4762365864052
2024-10-26,212.30025651478167,194.64108893950515,226.56138141450324,310.38049198067495
2024-10-27,224.6225657482102,207.32350962674008,240.1335788599556,329.35860080382724
2024-10-28,244.5664701044317,227.3483665657076,267.7606457966357,361.2503251173289
2024-10-29,252.97158418681352,232.55711541017692,271.45376292215525,375.3287599210883
2024-10-30,259.98529798023475,239.5772564817163,276.8048056205281,386.8828838991588
2024-10-31,268.29843002660266,243.79901916500788,286.0380456172913,401.64435632724945
2024-11-01,269.02072945457996,250.9337069577865,283.5318024707465,402.1236613670851
2024-11-02,269.0381796490168,239.92985467722772,287.6343754679301,402.1497453647485
2024-11-03,256.94104963814345,240.7415227141975,278.0503044862483,385.7973718290442
2024-11-04,239.70581026275642,226.673837309877,263.7627344274959,361.5472251323626
2024-11-05,232.60538219080559,217.50324054477431,253.59377786589008,351.3676468139057
2024-11-06,223.21044003800182,208.39252046099716,236.65881427906086,336.1603012620509
2024-11-07,221.6213919442332,203.20062879509817,245.9867368302817,333.2652510439597
2024-11-08,223.1882496699552,212.47213973864467,240.20512973935845,334.61506697144705
2024-11-09,224.36296357148504,204.84477035283436,234.79841976592505,337.89602947512805
2024-11-10,219.86685889205992,202.95383822601474,234.61621386905043,331.62422155665143
2024-11-11,223.85711682428933,210.5095050931385,234.4653628215706,335.1154443477385
2024-11-12,223.00044195039166,210.27715666713033,241.79417419210498,334.3334961774987
2024-11-13,229.6216996924845,211.3739471864668,242.94738966406987,344.2604193290622
2024-11-14,227.38843419631985,213.01208141826524,250.47334419458898,312.7763881655019
2024-11-15,222.045530686308,208.41747026166024,231.6976744477383,309.6869326168871
2024-11-16,222.22379760570317,209.8073713831188,230.328160840178,313.8754203470384
2024-11-17,222.46825344216626,211.56980949601817,244.66711814831905,317.8117906316661
2024-11-18,218.24021919563603,201.90801486105102,245.79131557465632,324.7622309458869
2024-11-19,223.78762156506528,207.27115180266347,238.92449663598634,327.6539115154689
2024-11-20,239.39647941606984,232.84334791410254,256.5946052299149,295.7337608598762
2024-11-21,256.87564871638784,238.25676925332965,284.5139078359653,310.79933299018495
2024-11-22,268.2643769342626,237.55791882286076,303.0045007729414,277.9941729888732
2024-11-23,268.34209980816723,251.46984629450108,290.5996696293872,279.23215380662566
2024-11-24,261.0974852334442,239.62046436954572,275.48355666728827,278.65259896845697
2024-11-25,272.4226709249999,252.18639885795105,292.00687405015475,298.7090689967104
2024-11-26,272.57803048510914,260.4129737431485,301.38887419121363,298.2254162856774
2024-11-27,278.5469772922354,264.0462956301624,314.6318444962118,310.3587490721286
2024-11-28,285.13566378657293,265.1897377460075,304.78602266122374,315.76485469166437
2024-11-29,306.4920685508084,280.89320981331394,318.8317909820175,337.546331003093
2024-11-30,295.2332435462305,277.4489281016248,314.6108073715866,331.72274555756235
2024-12-01,303.82483683899096,291.7289787965262,322.17499190588046,343.1110523308763
2024-12-02,299.1551927007739,275.7680384534586,321.76997237922575,336.88647826663725
2024-12-03,306.6401503431238,290.87303005037415,326.16440893590976,339.95582077951644
2024-12-04,300.1628171667577,283.48749410565944,318.95833214358845,326.97474636901705
2024-12-05,301.2033400500141,270.1663099902289,316.57106939121854,332.82137022101006
2024-12-06,320.0722252977711,288.8851661365952,340.23067535267404,318.4798261669365
2024-12-07,325.9342553380667,291.9729618175208,348.050546522834,323.18716444032395
2024-12-08,343.3873469803183,329.38160519837186,374.7661993917573,296.5348419519156
2024-12-09,340.633945421471,312.2179163189982,388.3813156584915,269.27584618298107
2024-12-10,326.7112030973604,299.67253013332186,364.9578609323628,266.48548376619937
2024-12-11,328.677999673336,284.6188761444177,350.2525081732786,274.3555923817496
2024-12-12,331.55085466497746,295.94557326699254,344.74340650311234,283.74056881897945
2024-12-13,323.4260026608441,299.47143899093976,364.11442798910934,282.2216428105097
2024-12-14,336.80162191178084,316.85630076820075,358.40538924659205,287.3733975356492
2024-12-15,332.39709516485436,290.763314626836,356.7605431908849,281.9313784265092
2024-12-16,331.7808792155082,306.09280391653294,347.3905420830604,280.9321585228689
2024-12-17,342.9436936919981,325.0598739311989,362.1222041228289,301.3564970931442
2024-12-18,322.2729545465529,302.8387936368045,349.49366645724956,291.12281350185447
2024-12-19,344.0263625755824,320.8156801170739,370.8494634460861,306.6188614755636
2024-12-20,345.0277141468186,318.0290477853391,398.4725188330292,290.6720422466879
2024-12-21,347.3806287989786,313.2531398984832,382.35279221568817,300.76244917660483
2024-12-22,382.39972002447234,319.5858839751071,413.24339819349035,309.38488675119123
2024-12-23,410.5301370044481,379.9415482934743,603.5961971421849,318.11711507512445
2024-12-24,359.3816274891516,323.74547310604856,472.1674890065826,328.9534347726788
2024-12-25,346.12331522445794,319.80394281283753,388.3779975592395,320.18808068867526
2024-12-26,347.97148923323215,303.25644939979094,381.7908234702647,322.79358927015966
2024-12-27,346.31701194843157,305.6798644080231,365.8953002948267,322.4553183877389
2024-12-28,351.85933211460565,321.52446553661605,373.59683034898285,327.92109237148713
2024-12-29,354.05677389186457,323.5683184380608,371.252365969151,329.66180064419416
2024-12-30,349.3240862735613,321.6156772268597,370.317129780787,325.8620207775758
2024-12-31,346.7409820798149,313.2477091948605,372.23321322483093,323.1509618637604
2025-01-01,354.6741856370325,324.4676438354411,390.3223392293471,330.2366719153003
2025-01-02,378.44189731140546,345.0858811700477,421.0491179218114,351.3852342724285
2025-01-03,396.259732998661,376.2650962773685,422.9813713371538,339.84539708289964
2025-01-04,388.9208375342494,374.6278133896926,426.61242150026754,334.1244308713483
2025-01-05,382.2065248362739,353.99922789812825,412.0787709177461,322.5371517605687
2025-01-06,398.71720423996277,373.45269329882717,431.9599836847672,338.32601123458863
2025-01-07,412.6825711028252,400.1517846424118,427.20822254349247,317.4481316175578
2025-01-08,393.71640351568584,374.1073454482163,413.1051655939938,301.0064247061818
2025-01-09,390.76569678532627,376.25627255235645,414.378510512337,301.63311214614146
2025-01-10,388.39844539387053,369.62441111223393,418.314540075715,298.53839000297506
2025-01-11,387.312351383032,374.84845112254976,419.9631062578559,291.43141563809786
2025-01-12,375.38861216223904,353.02267286996425,408.4472389716791,275.312513503659
2025-01-13,373.7944854416714,347.7308764242862,394.3415623313954,276.47521112549657
2025-01-14,373.8582674801005,324.83262124747665,394.7017731878981,277.54882515226467
2025-01-15,386.42479514695464,350.26022582678803,441.45681333225144,283.3026357382365
2025-01-16,381.4395927661198,362.3257750733659,423.40517611472325,280.26421217202045
2025-01-17,383.71637947711866,348.8070118673339,400.39453732577664,283.1855199093127
2025-01-18,385.129026245222,347.85919474347867,410.2173058997963,284.01845593305455
2025-01-19,393.7985685259093,367.87492528294365,431.60548103561587,290.19791343103117
2025-01-20,406.8511836443507,371.7426736313332,449.2033118510095,289.367840429837
2025-01-21,421.8117017331109,391.9179748376816,453.4423717881481,304.9976151360166
2025-01-22,430.33912783084,394.3018577998732,472.3334472459921,308.9297400077818
2025-01-23,435.55924187487574,413.71300980137784,465.2513944214992,301.84285646214533
2025-01-24,418.8117734115459,380.19531071225083,454.3629941525073,293.6968958005231
2025-01-25,408.87799909144417,386.0351227842285,443.47129447669005,288.1451720165216
2025-01-26,442.8251283526235,410.4943221346777,480.23617734858937,280.44656640444805
2025-01-27,449.44797684925226,428.7878469574504,492.27573439876056,284.7310591379488
2025-01-28,520.3473546278532,492.4341012387781,567.412828085416,255.44789132442475
2025-01-29,543.4555046268714,512.1337971475367,599.7747747674778,252.77000215203321
2025-01-30,540.6366542981157,495.6124308383323,584.630085999871,254.77693416499326
2025-01-31,551.5213292779606,513.8519281194026,627.3667953145957,263.8858034822778
2025-02-01,583.825294374149,521.2931964442972,634.0354998750909,281.9050190121434
2025-02-02,591.8896964643336,544.583022188533,640.7810700241365,287.7441402354563
2025-02-03,605.2185447823106,562.7876705391403,643.8564566476059,296.9669012670808
2025-02-04,589.9291769472636,544.2044065195964,627.6561046885275,295.4077000236673
2025-02-05,568.3817632283392,521.5246745496113,592.38533596421,289.2528057141675
2025-02-06,565.1825441235438,512.7072894373074,622.5089005112555,289.6886438357477
2025-02-07,566.0753995902538,530.1678073224159,625.5972051693062,292.6966905844125
2025-02-08,547.5267907947315,516.7516028305254,574.6719963419903,286.0641540202359
2025-02-09,557.0549719056937,493.6678589332177,585.2735924972912,286.47722905924076
2025-02-10,552.597036658555,493.9138861971278,582.1322217639756,283.23784554513327
2025-02-11,527.635365639743,482.3471299043091,578.7563482710459,271.9769925978057
2025-02-12,551.8844635227733,503.2903748680619,590.1206639648105,280.4290973184824
2025-02-13,547.7111226552771,510.2800801446154,582.5291330227726,281.59954892302164
2025-02-14,559.2042837230948,516.6875382176131,595.402099544016,278.6269475451394
2025-02-15,561.9937717687209,523.8433755346057,590.9786951584539,283.9786618336134
2025-02-16,574.8107507345594,516.5491201385386,621.2360260493798,297.0598195010643
2025-02-17,564.9122021480987,547.5322644694613,595.0494646060761,296.85349561119216
2025-02-18,574.9710924940008,528.870380284625,607.4131497425498,304.05663273083064
2025-02-19,573.902321238722,531.7821613935511,616.1209303253607,304.7808397444089
2025-02-20,564.3868920644163,505.5167267510676,605.5136289747402,300.6856111158318
2025-02-21,555.8183430246023,498.02762237731326,576.6537814036473,297.54729283972284
2025-02-22,553.0450603399703,510.20055267266645,618.8438216660288,298.701085789884
2025-02-23,535.3179554136711,487.4956469352641,560.4624274157457,290.4600951783349
2025-02-24,539.8414440720105,507.09645571091136,581.8169946143945,293.71134062677396
2025-02-25,568.8891107920012,518.11612556329,620.0090705047888,309.34698792387235
2025-02-26,574.9894235197917,554.0090896444485,599.1826418057757,309.9673442155211
2025-02-27,595.561824675106,547.7520797397984,636.3785576233505,319.6789182367719
2025-02-28,582.5991881935377,549.6254118700838,628.1137200960677,314.40862827497983
2025-03-01,578.0648525472719,535.4662974360888,624.8370561827097,312.4674878633902
2025-03-02,601.5316281034716,550.0608091875956,623.7115869422041,325.68036172359047
2025-03-03,582.7096542023459,547.0216549209084,613.5922578319643,316.69002945779664
2025-03-04,568.4822739724978,522.1393036941728,597.9977706433469,309.46231571720074
2025-03-05,573.0318937213071,548.1093334144889,598.8040842968593,311.93897317436426
2025-03-06,567.1624400416687,512.7190687883896,596.8843541646518,309.92483062386265
2025-03-07,577.7912910940358,520.7281026585547,623.1040003060892,317.11925965644116
2025-03-08,570.3137356870312,525.1021403805519,606.1922798147057,313.3591954324347
2025-03-09,580.4420711947414,542.2824446148145,632.0853473878819,318.9242149421656
2025-03-10,599.6418733592702,549.3870802281048,641.8832894807158,317.60692444876605
2025-03-11,608.7931390933541,551.9683939253467,661.8631860850455,322.79593801344333
2025-03-12,631.7014864200149,591.0775301260213,683.5999914664756,329.4401493715854
2025-03-13,640.9270464969247,623.7243950313551,696.6965032678735,314.3340100524398
2025-03-14,660.4390859734519,615.9237099075648,715.9887200410737,309.4841077663786
2025-03-15,661.5868813714035,616.5197624591951,707.8912051096775,297.9450039952278
2025-03-16,664.7852255505838,582.2145735869676,746.3417745722645,283.67195457673733
2025-03-17,676.5985061889755,628.0191264585955,722.5441787610442,291.01011018880666
2025-03-18,673.919561452958,622.1166353022909,755.6101762703489,293.58290631799525
2025-03-19,662.9223960407421,631.23835497112,700.6789969270918,291.9077041130525
2025-03-20,678.7590543698592,631.7881368516934,704.083024233712,301.5366745312569
2025-03-21,677.5826630458707,631.1010359158668,711.2761432787847,303.3046835478383
2025-03-22,703.926944965146,648.7869505028236,749.4974943046522,317.0128101621914
2025-03-23,722.2511387558206,692.5087270748004,755.8428577529758,320.5730753465693
2025-03-24,722.074513929985,654.2543906037145,766.2714543622908,321.3504734890899
2025-03-25,700.4052248793136,650.5833939761229,720.0099281052228,312.54137656372757
2025-03-26,700.1353056593863,654.1639945386398,725.1842815115324,312.28158147162634
2025-03-27,698.3879851253666,662.5236012157386,748.6536861778495,312.61771939362876
2025-03-28,709.7360003686956,684.482962108031,772.4505326030363,319.2694558563633
2025-03-29,727.9308120599405,694.9232318101787,772.4351517238243,324.6792203657183
2025-03-30,728.0142255048384,667.4573565982114,800.3970613687111,318.74528262033203
2025-03-31,733.9711662238658,682.7255484086668,802.6338574654548,295.4795355168542
2025-04-01,775.2819295653837,715.9447712334855,868.3527150292398,312.23597646612313
2025-04-02,782.466152125562,738.0762467094103,829.1837103724599,319.5043495816913
2025-04-03,781.6805989628413,726.8542503824697,812.9291767343611,326.0398744370558
2025-04-04,772.3700051448968,720.1410439676823,802.419633490678,325.75706669966127
2025-04-05,771.8841916511992,737.8355710518899,847.8042755681763,328.39148762016555
2025-04-06,797.9908947500826,751.2991075060512,849.1574408974553,343.2957172510572
2025-04-07,775.0106908508023,727.956496802884,842.2590271083361,335.5024635717759
2025-04-08,760.7625290148851,721.7930538583115,816.2360708704467,331.05419017183857
2025-04-09,793.4471968134474,732.9974937661746,819.4753566939422,346.93799598314274
2025-04-10,776.4827551210336,719.0495291309871,811.14265551587,340.8616133103747
2025-04-11,746.5031996334721,707.3885734472666,782.2687045122993,329.5819865931444
2025-04-12,771.850931008434,716.9673773156645,806.1668371774233,342.58807412713446
2025-04-13,787.7714335582549,734.6818396691917,856.0622414760649,343.4051584822384
2025-04-14,799.315065775215,739.896130247431,848.8603779310312,349.6566341973819
2025-04-15,833.192491244769,787.1904260995962,885.3365266645209,346.87447595535764
2025-04-16,876.2784697552477,788.2259226334049,946.8786117744983,365.4205461865086
2025-04-17,913.6146226618395,851.604800135986,1008.1385431363404,356.4629819203431
2025-04-18,954.0401487632346,918.8081298015471,997.881383011844,339.3952859349821
2025-04-19,974.4782018967994,895.3228161307795,1018.7008912860202,349.02514394584506
2025-04-20,950.6955842755697,894.294992011672,1018.1782682605877,348.8791134956219
2025-04-21,959.0811977778558,911.2765052057829,1030.722844890754,344.8691829478086
2025-04-22,957.5335652825383,887.0999084323792,998.089058417205,348.70122552168186
2025-04-23,952.1306359693546,880.9515498437197,1023.8075880166889,346.1034663647236
2025-04-24,1007.2023254754414,933.435582057004,1081.68949377093,365.5906807533363
2025-04-25,985.7389603819228,926.3533708721901,1067.9247016408947,358.45053104797194
2025-04-26,967.956710298254,920.0705099561663,1073.3741605053133,351.0905731948691
2025-04-27,992.1161689670703,917.4976411824099,1044.1257265263832,359.5926672588149
2025-04-28,978.6613364983039,894.2525492756639,1038.1634360208216,358.87837788716683
2025-04-29,967.742473182796,884.9224487839707,1023.1958868850486,362.31466611111796
2025-04-30,974.7061674995172,893.736800546616,1013.0329149907061,370.6107100758621
2025-05-01,969.6196766522498,874.1377413980648,1023.8025160016841,375.1672186698587
2025-05-02,960.0798657657156,865.6282589442474,1017.1898475336608,380.45566307339624
2025-05-03,948.343112667994,898.8487493490493,982.9993318885374,382.5506707010867
2025-05-04,1007.0712618112385,961.4333206492217,1070.0338709145087,404.9341623688132
2025-05-05,1052.0838862939738,1026.9308382939098,1123.3800036168498,399.12135291880645
2025-05-06,1048.3312979061866,1006.1120344240642,1100.7440307595837,389.1355968471368
2025-05-07,1091.1206400179026,1002.4386618884726,1136.431569175804,398.5100949663633
2025-05-08,1076.2094276041223,1016.1343225586768,1154.274315993171,390.49688955156836
2025-05-09,1095.9303642881832,1018.757070250438,1150.4276561746938,395.3572742742364
2025-05-10,1091.9117142568991,1024.928116334439,1149.5879148545766,404.8615922346678
2025-05-11,1105.4093387238968,1024.5594016009743,1166.84066958126,416.4284568558662
2025-05-12,1126.0042569837553,1084.1654526723535,1200.6685203818706,429.77261716937227
2025-05-13,1113.759262634964,1062.8450193247509,1168.9136113852664,428.45134165607385
2025-05-14,1083.0272372228037,1036.0064599094437,1145.2193583144142,421.2474668311177
2025-05-15,1089.9447914232996,1030.143174738414,1156.5709935765171,419.532252279946
2025-05-16,1099.7504433858476,1046.6233213465696,1162.5551664757504,421.84520267964996
2025-05-17,1116.266885645334,1049.2134471326924,1173.4366616338084,420.28120694477934
2025-05-18,1076.6590112234744,1004.8310567334902,1149.2426879868362,407.67096222017204
2025-05-19,1069.5023944300926,1036.187254725104,1097.8143484755865,408.83119053138097
2025-05-20,1100.789007545825,1027.8265480417522,1155.1077226684347,417.2816556276819
2025-05-21,1114.7896503869488,1067.1519877537744,1167.819536496553,424.8436167633189
2025-05-22,1136.1004122643085,1111.9855447423117,1239.5638362203492,418.6073737156627
2025-05-23,1160.794850313396,1102.6655299987874,1234.040659537458,409.37924539354475
2025-05-24,1146.873707942655,1092.4697666172808,1213.8060238556372,409.23236679488133
2025-05-25,1205.8810618608181,1113.9394975813873,1246.8291731409101,434.7083856744117
2025-05-26,1161.6957524706233,1101.2395682991362,1241.131924005431,420.8280211811713
2025-05-27,1203.610757782374,1138.4322547734653,1278.054571279027,439.75548329644647
2025-05-28,1208.035204128359,1164.6754038417762,1273.2590210098742,440.2460656444457
2025-05-29,1236.8041775170557,1156.9997874080461,1318.6422556823177,446.98380105423047
2025-05-30,1214.8012770222872,1119.1712481238467,1302.5981100680442,445.96228965575887
2025-05-31,1205.625007113962,1148.818355178431,1277.7825027472593,450.70093723886436
2025-06-01,1336.99085641441,1199.9713884476025,1429.0118845626776,508.6516478654784
2025-06-02,1401.4324968576136,1340.1138760192716,1460.885766828118,539.3236470493028
2025-06-03,1396.4269800584746,1300.7045715556292,1463.0641821352272,539.3692468360273
2025-06-04,1352.8104859699451,1290.6310562889732,1430.3145905467072,529.5793642473851
2025-06-05,1293.0834964037808,1188.43853781468,1379.618879857192,511.10019620702803
2025-06-06,1254.0248278527827,1182.349029182644,1358.6566011461396,507.4968951245579
2025-06-07,1176.8224630797085,1101.557166687741,1280.0926708694174,484.987621298046
2025-06-08,1168.1502688239177,1089.7320008432964,1225.4948869324453,493.72369772777586
2025-06-09,1081.6476276069689,985.5399228135636,1192.026307779723,465.82585168258777
2025-06-10,1027.087793545484,984.6604686981206,1114.6439057145174,450.9715888234836
2025-06-11,1017.8027526313498,968.0551457892743,1091.8582660912293,457.43943938487627
2025-06-12,994.7849212548645,934.3748972794501,1061.526717166838,461.6171328328838
2025-06-13,957.9414139531848,843.8413631065913,999.8522546577732,459.77509668979354
2025-06-14,906.8862326221173,829.8716844132606,967.2917046494628,448.2878065358958
2025-06-15,854.5845145922822,814.0939821171711,922.8043871936575,432.59150321046934
2025-06-16,870.8624838772371,797.5081947602262,934.8578946758407,451.22408491048554
2025-06-17,852.0379044412497,811.589786158128,907.734566236678,454.541426749133
2025-06-18,809.0776556020948,748.1833274665494,868.3674404835845,448.86416399561426
2025-06-19,768.0849537898051,727.1235297316438,852.2641485055668,442.9555673528288
2025-06-20,766.8584437903771,678.8072973126376,832.5553881689044,467.59661206730317
2025-06-21,733.9634181515796,662.8860336523685,807.3154259381714,465.4175130954849
2025-06-22,714.5454674229945,625.7417357263876,779.136527093646,471.1806577138111
2025-06-23,658.3441189564148,615.4353434620115,734.5963683637823,457.34221532227497
2025-06-24,614.7871374314275,580.6629744478035,661.1454264749884,458.7963712174832
2025-06-25,567.463376242471,527.0116183528936,626.5423241499683,449.2980017755115
2025-06-26,547.4835169493549,480.11062512518527,601.552440421402,456.04624485577256
2025-06-27,492.03409306207345,439.91096852738997,536.6451727844926,444.4752421518279
2025-06-28,448.2234093187476,395.5155770797069,509.61915388327446,442.03492043268994
2025-06-29,414.5326927299181,367.79140763889876,453.74990501045903,439.123615179998
2025-06-30,372.9189817232026,343.8531593647996,412.3103947557687,443.95116871809836
2025-07-01,360.861404594559,346.27028318687906,388.9886871058119,476.69934556744914
2025-07-02,355.5186086498903,342.14828724029815,363.38948515348426,489.69505323676356
